model,MAE,RMSE
Naive baseline (next = current),4.154478398314015,6.168446851907298
XGBRegressor,3.123999990276341,4.987789458470823
